layer,submodule,rel_in,rel_out,err_in_per_resid,err_out_per_resid,abs_err_in,abs_err_out
0,input_layernorm,0.000000e+00,3.784432e-03,0.000000e+00,2.019522e-02,0.000000e+00,6.669696e-02
0,self_attn.q_proj,3.784432e-03,1.221725e-03,2.019522e-02,7.699689e-02,6.669696e-02,2.534364e-01
0,self_attn.k_proj,3.784432e-03,1.463373e-03,2.019522e-02,7.362312e-02,6.669696e-02,2.425530e-01
0,self_attn.v_proj,3.784432e-03,9.907295e-03,2.019522e-02,2.621541e-02,6.669696e-02,8.692938e-02
0,self_attn.o_proj,1.253960e-02,1.215956e-02,2.582368e-02,1.817458e-02,8.558586e-02,6.024880e-02
0,post_attention_layernorm,1.013243e-02,1.036301e-02,1.817458e-02,4.606680e-02,6.024880e-02,1.531761e-01
0,mlp.gate_proj,1.036301e-02,1.381874e-02,4.606680e-02,1.632243e-01,1.531761e-01,5.428682e-01
0,mlp.up_proj,1.036301e-02,1.667837e-02,4.606680e-02,1.526001e-01,1.531761e-01,5.075896e-01
0,mlp.down_proj,1.049373e-02,8.649763e-03,1.370721e-02,1.791267e-02,4.565721e-02,5.968242e-02
0,mlp,1.036301e-02,8.649763e-03,4.606680e-02,1.791267e-02,1.531761e-01,5.968242e-02
1,input_layernorm,7.597547e-03,5.662920e-03,7.597547e-03,2.021981e-02,7.912642e-02,2.105429e-01
1,self_attn.q_proj,5.662920e-03,3.601352e-03,2.021981e-02,6.338868e-02,2.105429e-01,6.595839e-01
1,self_attn.k_proj,5.662920e-03,3.279330e-03,2.021981e-02,6.687053e-02,2.105429e-01,6.956605e-01
1,self_attn.v_proj,5.662920e-03,1.553859e-02,2.021981e-02,1.921571e-02,2.105429e-01,2.000712e-01
1,self_attn.o_proj,2.408947e-02,1.406355e-02,1.507895e-02,8.873173e-03,1.568253e-01,9.231790e-02
1,post_attention_layernorm,1.188838e-02,1.646865e-02,1.117461e-02,3.168810e-02,1.163474e-01,3.295280e-01
1,mlp.gate_proj,1.646865e-02,1.077818e-02,3.168810e-02,8.388755e-02,3.295280e-01,8.726808e-01
1,mlp.up_proj,1.646865e-02,1.256376e-02,3.168810e-02,6.737970e-02,3.295280e-01,7.008336e-01
1,mlp.down_proj,2.751732e-01,2.564774e-01,3.664480e+01,6.675128e+01,3.936134e+02,7.169830e+02
1,mlp,1.646865e-02,2.564774e-01,3.168810e-02,6.675128e+01,3.295280e-01,7.169830e+02
2,input_layernorm,2.564112e-01,1.007821e-02,2.564112e-01,3.573672e-04,7.169827e+02,5.364647e-01
2,self_attn.q_proj,1.007821e-02,4.704413e-03,3.573672e-04,8.833833e-04,5.364647e-01,1.381081e+00
2,self_attn.k_proj,1.007821e-02,3.842502e-03,3.573672e-04,8.609598e-04,5.364647e-01,1.324489e+00
2,self_attn.v_proj,1.007821e-02,1.222288e-02,3.573672e-04,3.730248e-04,5.364647e-01,5.560865e-01
2,self_attn.o_proj,3.604237e-02,3.874317e-02,1.059724e-04,1.205038e-04,1.856330e-01,2.169715e-01
2,post_attention_layernorm,2.564114e-01,1.843924e-02,2.564100e-01,3.272661e-04,7.169798e+02,4.980402e-01
2,mlp.gate_proj,1.843924e-02,1.857523e-02,3.272661e-04,8.312545e-04,4.980402e-01,1.266704e+00
2,mlp.up_proj,1.843924e-02,1.771828e-02,3.272661e-04,6.509778e-04,4.980402e-01,9.870706e-01
2,mlp.down_proj,2.292148e-02,2.217685e-02,1.021121e-04,1.282966e-04,1.753773e-01,2.242486e-01
2,mlp,1.843924e-02,2.217685e-02,3.272661e-04,1.282966e-04,4.980402e-01,2.242486e-01
3,input_layernorm,2.558374e-01,1.501459e-02,2.558374e-01,7.297328e-04,7.170462e+02,1.119797e+00
3,self_attn.q_proj,1.501459e-02,8.779582e-03,7.297328e-04,1.706224e-03,1.119797e+00,2.651242e+00
3,self_attn.k_proj,1.501459e-02,6.924754e-03,7.297328e-04,1.599222e-03,1.119797e+00,2.465343e+00
3,self_attn.v_proj,1.501459e-02,1.656073e-02,7.297328e-04,6.998145e-04,1.119797e+00,1.070647e+00
3,self_attn.o_proj,4.543360e-02,4.200797e-02,1.658209e-04,1.799730e-04,2.604693e-01,2.781191e-01
3,post_attention_layernorm,2.558320e-01,2.358693e-02,2.558373e-01,5.079397e-04,7.170473e+02,7.734080e-01
3,mlp.gate_proj,2.358693e-02,2.523479e-02,5.079397e-04,1.420685e-03,7.734080e-01,2.130686e+00
3,mlp.up_proj,2.358693e-02,2.361863e-02,5.079397e-04,1.052561e-03,7.734080e-01,1.589322e+00
3,mlp.down_proj,3.085674e-02,3.429466e-02,1.706807e-04,2.314144e-04,2.522094e-01,3.450099e-01
3,mlp,2.358693e-02,3.429466e-02,5.079397e-04,2.314144e-04,7.734080e-01,3.450099e-01
4,input_layernorm,2.558136e-01,1.854275e-02,2.558136e-01,8.707326e-04,7.170452e+02,1.317970e+00
4,self_attn.q_proj,1.854275e-02,1.000765e-02,8.707326e-04,1.994934e-03,1.317970e+00,3.018565e+00
4,self_attn.k_proj,1.854275e-02,8.624051e-03,8.707326e-04,2.054934e-03,1.317970e+00,3.089172e+00
4,self_attn.v_proj,1.854275e-02,2.172893e-02,8.707326e-04,9.177084e-04,1.317970e+00,1.386723e+00
4,self_attn.o_proj,3.257046e-02,3.089874e-02,1.922480e-04,1.957208e-04,3.020168e-01,3.042745e-01
4,post_attention_layernorm,2.558179e-01,2.241233e-02,2.558138e-01,5.843097e-04,7.170478e+02,8.972171e-01
4,mlp.gate_proj,2.241233e-02,1.920336e-02,5.843097e-04,1.423539e-03,8.972171e-01,2.199815e+00
4,mlp.up_proj,2.241233e-02,2.141646e-02,5.843097e-04,1.147314e-03,8.972171e-01,1.761879e+00
4,mlp.down_proj,2.129501e-02,1.973000e-02,2.579641e-04,3.375417e-04,3.946868e-01,5.185277e-01
4,mlp,2.241233e-02,1.973000e-02,5.843097e-04,3.375417e-04,8.972171e-01,5.185277e-01
5,input_layernorm,2.547039e-01,1.897165e-02,2.547039e-01,8.792676e-04,7.171216e+02,1.373746e+00
5,self_attn.q_proj,1.897165e-02,1.013423e-02,8.792676e-04,1.930781e-03,1.373746e+00,3.044818e+00
5,self_attn.k_proj,1.897165e-02,8.412903e-03,8.792676e-04,1.956580e-03,1.373746e+00,3.072026e+00
5,self_attn.v_proj,1.897165e-02,2.018188e-02,8.792676e-04,8.948263e-04,1.373746e+00,1.390983e+00
5,self_attn.o_proj,3.676771e-02,4.079699e-02,2.667376e-04,2.668411e-04,4.309787e-01,4.333009e-01
5,post_attention_layernorm,2.546943e-01,2.348015e-02,2.546997e-01,6.495113e-04,7.171164e+02,1.018035e+00
5,mlp.gate_proj,2.348015e-02,2.197352e-02,6.495113e-04,1.778211e-03,1.018035e+00,2.794080e+00
5,mlp.up_proj,2.348015e-02,2.234075e-02,6.495113e-04,1.296894e-03,1.018035e+00,2.037967e+00
5,mlp.down_proj,2.971432e-02,3.309828e-02,2.654574e-04,3.504416e-04,4.144621e-01,5.453164e-01
5,mlp,2.348015e-02,3.309828e-02,6.495113e-04,3.504416e-04,1.018035e+00,5.453164e-01
6,input_layernorm,2.546838e-01,1.952149e-02,2.546838e-01,1.093822e-03,7.171165e+02,1.740986e+00
6,self_attn.q_proj,1.952149e-02,1.177294e-02,1.093822e-03,2.372568e-03,1.740986e+00,3.814052e+00
6,self_attn.k_proj,1.952149e-02,1.007530e-02,1.093822e-03,2.239170e-03,1.740986e+00,3.641459e+00
6,self_attn.v_proj,1.952149e-02,2.035250e-02,1.093822e-03,1.051869e-03,1.740986e+00,1.671801e+00
6,self_attn.o_proj,4.906774e-02,5.229230e-02,3.939889e-04,3.961046e-04,6.390411e-01,6.317182e-01
6,post_attention_layernorm,2.546831e-01,2.549445e-02,2.546821e-01,7.609694e-04,7.171174e+02,1.211301e+00
6,mlp.gate_proj,2.549445e-02,2.277690e-02,7.609694e-04,2.050135e-03,1.211301e+00,3.292466e+00
6,mlp.up_proj,2.549445e-02,2.472712e-02,7.609694e-04,1.522136e-03,1.211301e+00,2.426583e+00
6,mlp.down_proj,3.371796e-02,3.896942e-02,3.331796e-04,4.517214e-04,5.324274e-01,7.150286e-01
6,mlp,2.549445e-02,3.896942e-02,7.609694e-04,4.517214e-04,1.211301e+00,7.150286e-01
7,input_layernorm,2.546720e-01,2.127667e-02,2.546720e-01,1.233755e-03,7.171169e+02,1.975335e+00
7,self_attn.q_proj,2.127667e-02,1.212144e-02,1.233755e-03,2.456113e-03,1.975335e+00,3.910607e+00
7,self_attn.k_proj,2.127667e-02,1.065915e-02,1.233755e-03,2.396837e-03,1.975335e+00,3.834269e+00
7,self_attn.v_proj,2.127667e-02,2.266573e-02,1.233755e-03,1.202351e-03,1.975335e+00,1.927038e+00
7,self_attn.o_proj,3.688775e-02,3.602677e-02,2.941132e-04,2.636254e-04,4.848452e-01,4.315960e-01
7,post_attention_layernorm,2.546687e-01,2.486495e-02,2.546722e-01,7.895617e-04,7.171190e+02,1.262470e+00
7,mlp.gate_proj,2.486495e-02,1.988837e-02,7.895617e-04,1.900198e-03,1.262470e+00,3.052409e+00
7,mlp.up_proj,2.486495e-02,2.336254e-02,7.895617e-04,1.528545e-03,1.262470e+00,2.439973e+00
7,mlp.down_proj,3.195297e-02,3.357961e-02,3.578845e-04,4.391813e-04,5.674054e-01,6.950056e-01
7,mlp,2.486495e-02,3.357961e-02,7.895617e-04,4.391813e-04,1.262470e+00,6.950056e-01
8,input_layernorm,2.546563e-01,2.089165e-02,2.546563e-01,1.230120e-03,7.171184e+02,1.967933e+00
8,self_attn.q_proj,2.089165e-02,1.185044e-02,1.230120e-03,2.362428e-03,1.967933e+00,3.783468e+00
8,self_attn.k_proj,2.089165e-02,1.039975e-02,1.230120e-03,2.420533e-03,1.967933e+00,3.847179e+00
8,self_attn.v_proj,2.089165e-02,2.273875e-02,1.230120e-03,1.243843e-03,1.967933e+00,1.986171e+00
8,self_attn.o_proj,3.649710e-02,3.879521e-02,3.366955e-04,3.314324e-04,5.548217e-01,5.449485e-01
8,post_attention_layernorm,2.546423e-01,2.473628e-02,2.546541e-01,8.048889e-04,7.171177e+02,1.299083e+00
8,mlp.gate_proj,2.473628e-02,1.983668e-02,8.048889e-04,1.909501e-03,1.299083e+00,3.086126e+00
8,mlp.up_proj,2.473628e-02,2.333693e-02,8.048889e-04,1.613336e-03,1.299083e+00,2.613769e+00
8,mlp.down_proj,2.939578e-02,3.240485e-02,3.899467e-04,4.841346e-04,6.241389e-01,7.805009e-01
8,mlp,2.473628e-02,3.240485e-02,8.048889e-04,4.841346e-04,1.299083e+00,7.805009e-01
9,input_layernorm,2.546231e-01,1.999402e-02,2.546231e-01,1.163650e-03,7.171170e+02,1.902720e+00
9,self_attn.q_proj,1.999402e-02,1.146492e-02,1.163650e-03,2.191067e-03,1.902720e+00,3.610414e+00
9,self_attn.k_proj,1.999402e-02,9.714960e-03,1.163650e-03,2.220381e-03,1.902720e+00,3.691471e+00
9,self_attn.v_proj,1.999402e-02,2.109029e-02,1.163650e-03,1.194223e-03,1.902720e+00,1.959554e+00
9,self_attn.o_proj,2.980311e-02,3.272080e-02,3.103030e-04,2.917419e-04,5.308611e-01,4.939385e-01
9,post_attention_layernorm,2.546139e-01,2.331807e-02,2.546222e-01,7.766855e-04,7.171178e+02,1.267898e+00
9,mlp.gate_proj,2.331807e-02,1.874900e-02,7.766855e-04,1.817592e-03,1.267898e+00,2.968657e+00
9,mlp.up_proj,2.331807e-02,2.176471e-02,7.766855e-04,1.558761e-03,1.267898e+00,2.546590e+00
9,mlp.down_proj,2.943342e-02,3.132657e-02,3.732521e-04,4.614466e-04,6.131477e-01,7.605644e-01
9,mlp,2.331807e-02,3.132657e-02,7.766855e-04,4.614466e-04,1.267898e+00,7.605644e-01
10,input_layernorm,2.545889e-01,1.910806e-02,2.545889e-01,1.135019e-03,7.171169e+02,1.860768e+00
10,self_attn.q_proj,1.910806e-02,1.147178e-02,1.135019e-03,2.173280e-03,1.860768e+00,3.561184e+00
10,self_attn.k_proj,1.910806e-02,9.492088e-03,1.135019e-03,2.179289e-03,1.860768e+00,3.590627e+00
10,self_attn.v_proj,1.910806e-02,2.030382e-02,1.135019e-03,1.150122e-03,1.860768e+00,1.886039e+00
10,self_attn.o_proj,3.727203e-02,3.772084e-02,4.201032e-04,3.773266e-04,6.896535e-01,6.105030e-01
10,post_attention_layernorm,2.545794e-01,2.294505e-02,2.545900e-01,7.791132e-04,7.171196e+02,1.267718e+00
10,mlp.gate_proj,2.294505e-02,1.810298e-02,7.791132e-04,1.793136e-03,1.267718e+00,2.934793e+00
10,mlp.up_proj,2.294505e-02,2.129062e-02,7.791132e-04,1.592228e-03,1.267718e+00,2.590734e+00
10,mlp.down_proj,2.914342e-02,3.180802e-02,3.911391e-04,4.995877e-04,6.302798e-01,8.017088e-01
10,mlp,2.294505e-02,3.180802e-02,7.791132e-04,4.995877e-04,1.267718e+00,8.017088e-01
11,input_layernorm,2.545610e-01,1.899476e-02,2.545610e-01,1.230480e-03,7.171183e+02,2.004517e+00
11,self_attn.q_proj,1.899476e-02,1.095967e-02,1.230480e-03,2.116906e-03,2.004517e+00,3.458506e+00
11,self_attn.k_proj,1.899476e-02,9.766039e-03,1.230480e-03,2.212120e-03,2.004517e+00,3.612310e+00
11,self_attn.v_proj,1.899476e-02,2.109028e-02,1.230480e-03,1.356404e-03,2.004517e+00,2.195468e+00
11,self_attn.o_proj,3.205880e-02,3.348190e-02,3.352242e-04,3.193060e-04,5.821225e-01,5.489911e-01
11,post_attention_layernorm,2.545513e-01,2.239476e-02,2.545616e-01,7.807968e-04,7.171220e+02,1.274301e+00
11,mlp.gate_proj,2.239476e-02,1.654333e-02,7.807968e-04,1.696373e-03,1.274301e+00,2.771237e+00
11,mlp.up_proj,2.239476e-02,2.045767e-02,7.807968e-04,1.554374e-03,1.274301e+00,2.538661e+00
11,mlp.down_proj,2.786308e-02,2.957960e-02,3.890672e-04,4.854184e-04,6.283544e-01,7.821376e-01
11,mlp,2.239476e-02,2.957960e-02,7.807968e-04,4.854184e-04,1.274301e+00,7.821376e-01
12,input_layernorm,2.545324e-01,1.857790e-02,2.545324e-01,1.204148e-03,7.171210e+02,1.970122e+00
12,self_attn.q_proj,1.857790e-02,1.069863e-02,1.204148e-03,2.075653e-03,1.970122e+00,3.411234e+00
12,self_attn.k_proj,1.857790e-02,9.449116e-03,1.204148e-03,2.225888e-03,1.970122e+00,3.645149e+00
12,self_attn.v_proj,1.857790e-02,1.994351e-02,1.204148e-03,1.237450e-03,1.970122e+00,2.015424e+00
12,self_attn.o_proj,2.862964e-02,2.863347e-02,3.346954e-04,3.050825e-04,5.901605e-01,5.372426e-01
12,post_attention_layernorm,2.545136e-01,2.164641e-02,2.545334e-01,7.641149e-04,7.171238e+02,1.257308e+00
12,mlp.gate_proj,2.164641e-02,1.576184e-02,7.641149e-04,1.596572e-03,1.257308e+00,2.662108e+00
12,mlp.up_proj,2.164641e-02,1.976029e-02,7.641149e-04,1.520015e-03,1.257308e+00,2.515793e+00
12,mlp.down_proj,2.559782e-02,2.723598e-02,3.666347e-04,4.569334e-04,6.093468e-01,7.604349e-01
12,mlp,2.164641e-02,2.723598e-02,7.641149e-04,4.569334e-04,1.257308e+00,7.604349e-01
13,input_layernorm,2.544973e-01,1.820843e-02,2.544973e-01,1.157354e-03,7.171220e+02,1.912937e+00
13,self_attn.q_proj,1.820843e-02,1.051524e-02,1.157354e-03,1.997909e-03,1.912937e+00,3.330348e+00
13,self_attn.k_proj,1.820843e-02,9.172806e-03,1.157354e-03,2.076589e-03,1.912937e+00,3.439649e+00
13,self_attn.v_proj,1.820843e-02,1.991303e-02,1.157354e-03,1.227031e-03,1.912937e+00,2.014506e+00
13,self_attn.o_proj,2.723529e-02,2.893170e-02,3.516315e-04,3.488413e-04,6.162873e-01,6.072681e-01
13,post_attention_layernorm,2.544129e-01,2.060829e-02,2.545011e-01,7.393396e-04,7.171315e+02,1.226212e+00
13,mlp.gate_proj,2.060829e-02,1.470604e-02,7.393396e-04,1.553191e-03,1.226212e+00,2.598208e+00
13,mlp.up_proj,2.060829e-02,1.849965e-02,7.393396e-04,1.495466e-03,1.226212e+00,2.484246e+00
13,mlp.down_proj,2.406560e-02,2.561683e-02,3.969812e-04,5.030472e-04,6.445371e-01,8.155654e-01
13,mlp,2.060829e-02,2.561683e-02,7.393396e-04,5.030472e-04,1.226212e+00,8.155654e-01
14,input_layernorm,2.543797e-01,1.701045e-02,2.543797e-01,1.111470e-03,7.171297e+02,1.834525e+00
14,self_attn.q_proj,1.701045e-02,1.041462e-02,1.111470e-03,1.962045e-03,1.834525e+00,3.248882e+00
14,self_attn.k_proj,1.701045e-02,8.921472e-03,1.111470e-03,2.055936e-03,1.834525e+00,3.429491e+00
14,self_attn.v_proj,1.701045e-02,1.839339e-02,1.111470e-03,1.126991e-03,1.834525e+00,1.843279e+00
14,self_attn.o_proj,2.485282e-02,2.528746e-02,3.480257e-04,3.175193e-04,5.947354e-01,5.417154e-01
14,post_attention_layernorm,2.543634e-01,1.929671e-02,2.543801e-01,7.258702e-04,7.171305e+02,1.194415e+00
14,mlp.gate_proj,1.929671e-02,1.354806e-02,7.258702e-04,1.492170e-03,1.194415e+00,2.462622e+00
14,mlp.up_proj,1.929671e-02,1.693482e-02,7.258702e-04,1.445723e-03,1.194415e+00,2.382100e+00
14,mlp.down_proj,2.113529e-02,2.219944e-02,3.911674e-04,4.830740e-04,6.319074e-01,7.828339e-01
14,mlp,1.929671e-02,2.219944e-02,7.258702e-04,4.830740e-04,1.194415e+00,7.828339e-01
15,input_layernorm,2.543292e-01,1.580853e-02,2.543292e-01,1.027452e-03,7.171294e+02,1.686602e+00
15,self_attn.q_proj,1.580853e-02,9.009092e-03,1.027452e-03,1.771416e-03,1.686602e+00,2.915188e+00
15,self_attn.k_proj,1.580853e-02,8.190663e-03,1.027452e-03,1.896850e-03,1.686602e+00,3.109717e+00
15,self_attn.v_proj,1.580853e-02,1.701501e-02,1.027452e-03,1.089953e-03,1.686602e+00,1.772157e+00
15,self_attn.o_proj,2.309873e-02,2.348185e-02,3.534722e-04,3.454983e-04,6.069202e-01,5.935509e-01
15,post_attention_layernorm,2.543048e-01,1.797521e-02,2.543320e-01,7.079565e-04,7.171366e+02,1.166003e+00
15,mlp.gate_proj,1.797521e-02,1.273296e-02,7.079565e-04,1.463719e-03,1.166003e+00,2.421563e+00
15,mlp.up_proj,1.797521e-02,1.558223e-02,7.079565e-04,1.418708e-03,1.166003e+00,2.332466e+00
15,mlp.down_proj,1.906101e-02,1.983120e-02,4.011266e-04,4.966944e-04,6.486258e-01,8.038997e-01
15,mlp,1.797521e-02,1.983120e-02,7.079565e-04,4.966944e-04,1.166003e+00,8.038997e-01
16,input_layernorm,2.542438e-01,1.489136e-02,2.542438e-01,9.766661e-04,7.171360e+02,1.608377e+00
16,self_attn.q_proj,1.489136e-02,8.526704e-03,9.766661e-04,1.665926e-03,1.608377e+00,2.778241e+00
16,self_attn.k_proj,1.489136e-02,7.526907e-03,9.766661e-04,1.793018e-03,1.608377e+00,2.963905e+00
16,self_attn.v_proj,1.489136e-02,1.589447e-02,9.766661e-04,1.039092e-03,1.608377e+00,1.690394e+00
16,self_attn.o_proj,2.226058e-02,2.224771e-02,3.743417e-04,3.964688e-04,6.287819e-01,6.637734e-01
16,post_attention_layernorm,2.542168e-01,1.665019e-02,2.542452e-01,6.997609e-04,7.171398e+02,1.155545e+00
16,mlp.gate_proj,1.665019e-02,1.171725e-02,6.997609e-04,1.473790e-03,1.155545e+00,2.432093e+00
16,mlp.up_proj,1.665019e-02,1.423036e-02,6.997609e-04,1.399001e-03,1.155545e+00,2.302084e+00
16,mlp.down_proj,1.681763e-02,1.747767e-02,4.452662e-04,5.465119e-04,7.374221e-01,9.034331e-01
16,mlp,1.665019e-02,1.747767e-02,6.997609e-04,5.465119e-04,1.155545e+00,9.034331e-01
17,input_layernorm,2.538127e-01,1.447096e-02,2.538127e-01,9.442396e-04,7.171414e+02,1.571130e+00
17,self_attn.q_proj,1.447096e-02,8.286300e-03,9.442396e-04,1.622471e-03,1.571130e+00,2.700790e+00
17,self_attn.k_proj,1.447096e-02,7.275849e-03,9.442396e-04,1.674742e-03,1.571130e+00,2.770330e+00
17,self_attn.v_proj,1.447096e-02,1.481829e-02,9.442396e-04,9.913702e-04,1.571130e+00,1.628167e+00
17,self_attn.o_proj,2.358928e-02,2.391139e-02,3.507172e-04,3.723488e-04,5.945747e-01,6.275264e-01
17,post_attention_layernorm,2.537779e-01,1.606583e-02,2.538096e-01,6.931786e-04,7.171354e+02,1.156850e+00
17,mlp.gate_proj,1.606583e-02,1.151933e-02,6.931786e-04,1.476957e-03,1.156850e+00,2.447203e+00
17,mlp.up_proj,1.606583e-02,1.393255e-02,6.931786e-04,1.377153e-03,1.156850e+00,2.284340e+00
17,mlp.down_proj,1.722587e-02,1.772158e-02,4.276901e-04,5.240476e-04,6.974018e-01,8.540335e-01
17,mlp,1.606583e-02,1.772158e-02,6.931786e-04,5.240476e-04,1.156850e+00,8.540335e-01
18,input_layernorm,2.537054e-01,1.419956e-02,2.537054e-01,9.616300e-04,7.171350e+02,1.600595e+00
18,self_attn.q_proj,1.419956e-02,7.818959e-03,9.616300e-04,1.575680e-03,1.600595e+00,2.626508e+00
18,self_attn.k_proj,1.419956e-02,7.345725e-03,9.616300e-04,1.664576e-03,1.600595e+00,2.748827e+00
18,self_attn.v_proj,1.419956e-02,1.427271e-02,9.616300e-04,1.043323e-03,1.600595e+00,1.711322e+00
18,self_attn.o_proj,2.626040e-02,2.651481e-02,3.362251e-04,3.755386e-04,5.849210e-01,6.471120e-01
18,post_attention_layernorm,2.536546e-01,1.556631e-02,2.537098e-01,7.053577e-04,7.171427e+02,1.179271e+00
18,mlp.gate_proj,1.556631e-02,1.154922e-02,7.053577e-04,1.504019e-03,1.179271e+00,2.508048e+00
18,mlp.up_proj,1.556631e-02,1.392145e-02,7.053577e-04,1.403199e-03,1.179271e+00,2.329104e+00
18,mlp.down_proj,1.682456e-02,1.706757e-02,4.625589e-04,5.656278e-04,7.492685e-01,9.102360e-01
18,mlp,1.556631e-02,1.706757e-02,7.053577e-04,5.656278e-04,1.179271e+00,9.102360e-01
19,input_layernorm,2.535527e-01,1.382761e-02,2.535527e-01,9.187360e-04,7.171424e+02,1.542058e+00
19,self_attn.q_proj,1.382761e-02,8.133388e-03,9.187360e-04,1.538906e-03,1.542058e+00,2.591989e+00
19,self_attn.k_proj,1.382761e-02,6.962790e-03,9.187360e-04,1.570783e-03,1.542058e+00,2.620959e+00
19,self_attn.v_proj,1.382761e-02,1.339469e-02,9.187360e-04,9.965468e-04,1.542058e+00,1.654974e+00
19,self_attn.o_proj,2.371481e-02,2.447469e-02,3.402896e-04,3.945700e-04,5.988210e-01,6.838831e-01
19,post_attention_layernorm,2.535032e-01,1.481106e-02,2.535515e-01,6.983071e-04,7.171397e+02,1.172947e+00
19,mlp.gate_proj,1.481106e-02,1.154317e-02,6.983071e-04,1.486600e-03,1.172947e+00,2.491238e+00
19,mlp.up_proj,1.481106e-02,1.343370e-02,6.983071e-04,1.401209e-03,1.172947e+00,2.336432e+00
19,mlp.down_proj,1.575960e-02,1.616306e-02,4.767823e-04,5.851908e-04,7.771476e-01,9.497577e-01
19,mlp,1.481106e-02,1.616306e-02,6.983071e-04,5.851908e-04,1.172947e+00,9.497577e-01
20,input_layernorm,2.534319e-01,1.390650e-02,2.534319e-01,9.100192e-04,7.171397e+02,1.539186e+00
20,self_attn.q_proj,1.390650e-02,8.330823e-03,9.100192e-04,1.588468e-03,1.539186e+00,2.687004e+00
20,self_attn.k_proj,1.390650e-02,7.415067e-03,9.100192e-04,1.591265e-03,1.539186e+00,2.710511e+00
20,self_attn.v_proj,1.390650e-02,1.359818e-02,9.100192e-04,9.910971e-04,1.539186e+00,1.639187e+00
20,self_attn.o_proj,2.875907e-02,2.800312e-02,3.743628e-04,4.477928e-04,6.324971e-01,7.492944e-01
20,post_attention_layernorm,2.533589e-01,1.488418e-02,2.534301e-01,7.157041e-04,7.171332e+02,1.203007e+00
20,mlp.gate_proj,1.488418e-02,1.159725e-02,7.157041e-04,1.540890e-03,1.203007e+00,2.572745e+00
20,mlp.up_proj,1.488418e-02,1.337016e-02,7.157041e-04,1.433567e-03,1.203007e+00,2.393116e+00
20,mlp.down_proj,1.720885e-02,1.730713e-02,5.023879e-04,6.150595e-04,8.241936e-01,1.004868e+00
20,mlp,1.488418e-02,1.730713e-02,7.157041e-04,6.150595e-04,1.203007e+00,1.004868e+00
21,input_layernorm,2.532148e-01,1.393641e-02,2.532148e-01,9.552940e-04,7.171341e+02,1.618374e+00
21,self_attn.q_proj,1.393641e-02,8.542525e-03,9.552940e-04,1.575534e-03,1.618374e+00,2.692568e+00
21,self_attn.k_proj,1.393641e-02,7.638256e-03,9.552940e-04,1.576807e-03,1.618374e+00,2.715574e+00
21,self_attn.v_proj,1.393641e-02,1.379255e-02,9.552940e-04,1.069563e-03,1.618374e+00,1.774294e+00
21,self_attn.o_proj,2.932751e-02,2.723948e-02,3.492862e-04,3.944863e-04,6.141371e-01,6.919842e-01
21,post_attention_layernorm,2.531369e-01,1.477684e-02,2.532095e-01,7.269703e-04,7.171253e+02,1.229766e+00
21,mlp.gate_proj,1.477684e-02,1.182150e-02,7.269703e-04,1.565578e-03,1.229766e+00,2.634004e+00
21,mlp.up_proj,1.477684e-02,1.347865e-02,7.269703e-04,1.454983e-03,1.229766e+00,2.441650e+00
21,mlp.down_proj,1.668738e-02,1.689826e-02,5.322746e-04,6.470603e-04,8.805517e-01,1.067694e+00
21,mlp,1.477684e-02,1.689826e-02,7.269703e-04,6.470603e-04,1.229766e+00,1.067694e+00
22,input_layernorm,2.529678e-01,1.393406e-02,2.529678e-01,9.624073e-04,7.171284e+02,1.642891e+00
22,self_attn.q_proj,1.393406e-02,8.555789e-03,9.624073e-04,1.625233e-03,1.642891e+00,2.806180e+00
22,self_attn.k_proj,1.393406e-02,7.667979e-03,9.624073e-04,1.611697e-03,1.642891e+00,2.788688e+00
22,self_attn.v_proj,1.393406e-02,1.381740e-02,9.624073e-04,1.089711e-03,1.642891e+00,1.827416e+00
22,self_attn.o_proj,2.889705e-02,2.909640e-02,4.035969e-04,5.799142e-04,7.076881e-01,9.932178e-01
22,post_attention_layernorm,2.528392e-01,1.478557e-02,2.529697e-01,7.399221e-04,7.171227e+02,1.259918e+00
22,mlp.gate_proj,1.478557e-02,1.203936e-02,7.399221e-04,1.614387e-03,1.259918e+00,2.732732e+00
22,mlp.up_proj,1.478557e-02,1.360820e-02,7.399221e-04,1.486012e-03,1.259918e+00,2.508983e+00
22,mlp.down_proj,1.729744e-02,1.745795e-02,5.450792e-04,6.617196e-04,9.043801e-01,1.095521e+00
22,mlp,1.478557e-02,1.745795e-02,7.399221e-04,6.617196e-04,1.259918e+00,1.095521e+00
23,input_layernorm,2.526683e-01,1.412206e-02,2.526683e-01,1.007813e-03,7.171260e+02,1.726901e+00
23,self_attn.q_proj,1.412206e-02,8.579740e-03,1.007813e-03,1.612613e-03,1.726901e+00,2.778573e+00
23,self_attn.k_proj,1.412206e-02,7.853867e-03,1.007813e-03,1.626213e-03,1.726901e+00,2.803288e+00
23,self_attn.v_proj,1.412206e-02,1.392653e-02,1.007813e-03,1.190905e-03,1.726901e+00,2.005926e+00
23,self_attn.o_proj,3.629148e-02,3.334525e-02,3.701035e-04,4.465240e-04,6.655724e-01,8.001411e-01
23,post_attention_layernorm,2.525844e-01,1.485195e-02,2.526652e-01,7.608628e-04,7.171193e+02,1.300579e+00
23,mlp.gate_proj,1.485195e-02,1.237070e-02,7.608628e-04,1.655458e-03,1.300579e+00,2.813351e+00
23,mlp.up_proj,1.485195e-02,1.387280e-02,7.608628e-04,1.525926e-03,1.300579e+00,2.588375e+00
23,mlp.down_proj,1.812617e-02,1.841244e-02,6.053798e-04,7.385416e-04,9.864836e-01,1.197918e+00
23,mlp,1.485195e-02,1.841244e-02,7.608628e-04,7.385416e-04,1.300579e+00,1.197918e+00
24,input_layernorm,2.524079e-01,1.425308e-02,2.524079e-01,1.008016e-03,7.171236e+02,1.741759e+00
24,self_attn.q_proj,1.425308e-02,8.878750e-03,1.008016e-03,1.609675e-03,1.741759e+00,2.799044e+00
24,self_attn.k_proj,1.425308e-02,7.808597e-03,1.008016e-03,1.624256e-03,1.741759e+00,2.846891e+00
24,self_attn.v_proj,1.425308e-02,1.412694e-02,1.008016e-03,1.183932e-03,1.741759e+00,2.001748e+00
24,self_attn.o_proj,2.587743e-02,2.350652e-02,4.135267e-04,5.004693e-04,7.207536e-01,8.695551e-01
24,post_attention_layernorm,2.522809e-01,1.512463e-02,2.524100e-01,7.888587e-04,7.171237e+02,1.353930e+00
24,mlp.gate_proj,1.512463e-02,1.276039e-02,7.888587e-04,1.729533e-03,1.353930e+00,2.948610e+00
24,mlp.up_proj,1.512463e-02,1.426380e-02,7.888587e-04,1.588106e-03,1.353930e+00,2.702622e+00
24,mlp.down_proj,1.780304e-02,1.806366e-02,5.916720e-04,7.215786e-04,9.919459e-01,1.206558e+00
24,mlp,1.512463e-02,1.806366e-02,7.888587e-04,7.215786e-04,1.353930e+00,1.206558e+00
25,input_layernorm,2.521052e-01,1.458968e-02,2.521052e-01,1.073432e-03,7.171284e+02,1.863895e+00
25,self_attn.q_proj,1.458968e-02,8.867523e-03,1.073432e-03,1.658864e-03,1.863895e+00,2.892360e+00
25,self_attn.k_proj,1.458968e-02,8.324760e-03,1.073432e-03,1.676377e-03,1.863895e+00,2.924955e+00
25,self_attn.v_proj,1.458968e-02,1.457778e-02,1.073432e-03,1.315063e-03,1.863895e+00,2.240971e+00
25,self_attn.o_proj,3.766635e-02,3.355434e-02,3.893660e-04,4.698124e-04,7.115000e-01,8.588118e-01
25,post_attention_layernorm,2.520427e-01,1.524899e-02,2.521115e-01,8.126179e-04,7.171378e+02,1.405692e+00
25,mlp.gate_proj,1.524899e-02,1.272336e-02,8.126179e-04,1.783311e-03,1.405692e+00,3.067638e+00
25,mlp.up_proj,1.524899e-02,1.441820e-02,8.126179e-04,1.643492e-03,1.405692e+00,2.817244e+00
25,mlp.down_proj,1.864808e-02,1.897010e-02,6.289236e-04,7.685354e-04,1.072242e+00,1.303067e+00
25,mlp,1.524899e-02,1.897010e-02,8.126179e-04,7.685354e-04,1.405692e+00,1.303067e+00
26,input_layernorm,2.518834e-01,1.477588e-02,2.518834e-01,1.057853e-03,7.171366e+02,1.848364e+00
26,self_attn.q_proj,1.477588e-02,8.808054e-03,1.057853e-03,1.636442e-03,1.848364e+00,2.883431e+00
26,self_attn.k_proj,1.477588e-02,8.070122e-03,1.057853e-03,1.672858e-03,1.848364e+00,2.925751e+00
26,self_attn.v_proj,1.477588e-02,1.468703e-02,1.057853e-03,1.312284e-03,1.848364e+00,2.250722e+00
26,self_attn.o_proj,2.778047e-02,2.643203e-02,4.759090e-04,6.094945e-04,8.718085e-01,1.121494e+00
26,post_attention_layernorm,2.517018e-01,1.554419e-02,2.518891e-01,8.412482e-04,7.171370e+02,1.466589e+00
26,mlp.gate_proj,1.554419e-02,1.258837e-02,8.412482e-04,1.850212e-03,1.466589e+00,3.217610e+00
26,mlp.up_proj,1.554419e-02,1.429109e-02,8.412482e-04,1.705260e-03,1.466589e+00,2.947767e+00
26,mlp.down_proj,1.851301e-02,1.892250e-02,6.653781e-04,8.099075e-04,1.127277e+00,1.368714e+00
26,mlp,1.554419e-02,1.892250e-02,8.412482e-04,8.099075e-04,1.466589e+00,1.368714e+00
27,input_layernorm,2.515340e-01,1.532886e-02,2.515340e-01,1.086258e-03,7.171434e+02,1.907671e+00
27,self_attn.q_proj,1.532886e-02,8.815166e-03,1.086258e-03,1.708373e-03,1.907671e+00,2.996080e+00
27,self_attn.k_proj,1.532886e-02,8.118973e-03,1.086258e-03,1.724337e-03,1.907671e+00,2.997595e+00
27,self_attn.v_proj,1.532886e-02,1.530282e-02,1.086258e-03,1.380378e-03,1.907671e+00,2.390258e+00
27,self_attn.o_proj,3.140462e-02,3.029705e-02,4.662012e-04,6.419375e-04,8.452242e-01,1.134495e+00
27,post_attention_layernorm,2.514210e-01,1.576823e-02,2.515389e-01,8.717934e-04,7.171473e+02,1.531091e+00
27,mlp.gate_proj,1.576823e-02,1.234157e-02,8.717934e-04,1.909206e-03,1.531091e+00,3.341351e+00
27,mlp.up_proj,1.576823e-02,1.389590e-02,8.717934e-04,1.771754e-03,1.531091e+00,3.083051e+00
27,mlp.down_proj,1.876397e-02,1.955607e-02,7.084312e-04,8.635147e-04,1.210942e+00,1.472467e+00
27,mlp,1.576823e-02,1.955607e-02,8.717934e-04,8.635147e-04,1.531091e+00,1.472467e+00
28,input_layernorm,2.513267e-01,1.564199e-02,2.513267e-01,1.110899e-03,7.171422e+02,1.969288e+00
28,self_attn.q_proj,1.564199e-02,9.059177e-03,1.110899e-03,1.716707e-03,1.969288e+00,3.058434e+00
28,self_attn.k_proj,1.564199e-02,8.339601e-03,1.110899e-03,1.712859e-03,1.969288e+00,3.035879e+00
28,self_attn.v_proj,1.564199e-02,1.538184e-02,1.110899e-03,1.457534e-03,1.969288e+00,2.542658e+00
28,self_attn.o_proj,3.543570e-02,3.116748e-02,5.095738e-04,7.261202e-04,9.267505e-01,1.292513e+00
28,post_attention_layernorm,2.511987e-01,1.617502e-02,2.513407e-01,9.056653e-04,7.171589e+02,1.601831e+00
28,mlp.gate_proj,1.617502e-02,1.247074e-02,9.056653e-04,1.992093e-03,1.601831e+00,3.509239e+00
28,mlp.up_proj,1.617502e-02,1.331946e-02,9.056653e-04,1.876170e-03,1.601831e+00,3.290928e+00
28,mlp.down_proj,1.896796e-02,2.019838e-02,7.960960e-04,9.854866e-04,1.386887e+00,1.717671e+00
28,mlp,1.617502e-02,2.019838e-02,9.056653e-04,9.854866e-04,1.601831e+00,1.717671e+00
29,input_layernorm,2.509548e-01,1.610498e-02,2.509548e-01,1.085533e-03,7.171427e+02,1.945438e+00
29,self_attn.q_proj,1.610498e-02,9.250755e-03,1.085533e-03,1.678027e-03,1.945438e+00,3.008220e+00
29,self_attn.k_proj,1.610498e-02,8.468591e-03,1.085533e-03,1.741112e-03,1.945438e+00,3.073822e+00
29,self_attn.v_proj,1.610498e-02,1.587793e-02,1.085533e-03,1.420175e-03,1.945438e+00,2.494949e+00
29,self_attn.o_proj,3.711795e-02,3.140676e-02,4.912528e-04,6.756093e-04,9.018832e-01,1.234004e+00
29,post_attention_layernorm,2.508519e-01,1.650418e-02,2.509599e-01,9.308605e-04,7.171370e+02,1.664020e+00
29,mlp.gate_proj,1.650418e-02,1.244692e-02,9.308605e-04,2.083400e-03,1.664020e+00,3.737286e+00
29,mlp.up_proj,1.650418e-02,1.255632e-02,9.308605e-04,1.984743e-03,1.664020e+00,3.529952e+00
29,mlp.down_proj,7.939318e-02,1.329169e-01,2.784100e-03,6.914461e-03,7.117409e+00,1.862116e+01
29,mlp,1.650418e-02,1.329169e-01,9.308605e-04,6.914461e-03,1.664020e+00,1.862116e+01
30,input_layernorm,2.513123e-01,1.685143e-02,2.513123e-01,1.141763e-03,7.099394e+02,2.055743e+00
30,self_attn.q_proj,1.685143e-02,9.567186e-03,1.141763e-03,1.767804e-03,2.055743e+00,3.250463e+00
30,self_attn.k_proj,1.685143e-02,9.135412e-03,1.141763e-03,1.834560e-03,2.055743e+00,3.303244e+00
30,self_attn.v_proj,1.685143e-02,1.666862e-02,1.141763e-03,1.593001e-03,2.055743e+00,2.889806e+00
30,self_attn.o_proj,4.386283e-02,5.709825e-02,7.299102e-04,1.546785e-03,1.499346e+00,3.361035e+00
30,post_attention_layernorm,2.514570e-01,1.834445e-02,2.512536e-01,1.015356e-03,7.096552e+02,1.891177e+00
30,mlp.gate_proj,1.834445e-02,3.317664e-02,1.015356e-03,5.459960e-03,1.891177e+00,1.234642e+01
30,mlp.up_proj,1.834445e-02,3.527871e-02,1.015356e-03,5.628004e-03,1.891177e+00,1.282011e+01
30,mlp.down_proj,1.608017e-01,1.367017e-01,6.549015e-02,1.179047e-01,1.713707e+02,3.015832e+02
30,mlp,1.834445e-02,1.367017e-01,1.015356e-03,1.179047e-01,1.891177e+00,3.015832e+02
31,input_layernorm,7.628989e-01,1.469939e-01,7.628989e-01,2.679641e-02,4.239837e+02,1.483396e+01
31,self_attn.q_proj,1.469939e-01,2.242929e-01,2.679641e-02,1.353252e-01,1.483396e+01,7.492289e+01
31,self_attn.k_proj,1.469939e-01,1.155075e-01,2.679641e-02,7.540132e-02,1.483396e+01,4.163744e+01
31,self_attn.v_proj,1.469939e-01,2.569781e-01,2.679641e-02,6.826386e-02,1.483396e+01,3.778152e+01
31,self_attn.o_proj,4.016202e-01,6.171633e-01,4.535420e-02,3.357690e-01,2.518692e+01,1.864336e+02
31,post_attention_layernorm,5.251213e-01,1.959034e-01,4.461242e-01,3.317212e-02,2.481601e+02,1.842178e+01
31,mlp.gate_proj,1.959034e-01,1.584184e-01,3.317212e-02,1.305600e-01,1.842178e+01,7.249788e+01
31,mlp.up_proj,1.959034e-01,1.642304e-01,3.317212e-02,1.382805e-01,1.842178e+01,7.676373e+01
31,mlp.down_proj,2.166242e-01,1.942076e-01,1.188410e-01,2.003291e-01,6.613247e+01,1.114914e+02
31,mlp,1.959034e-01,1.942076e-01,3.317212e-02,2.003291e-01,1.842178e+01,1.114914e+02
